<?xml version="1.0" ?><job><property name="user.input.dir"><string>C:\Users\roweo\Repos\playbook</string></property><property name="plugin.com.baxter.pdf.spc.dir"><string>plugins\com.baxter.pdf.spc</string></property><property name="plugin.com.oxygenxml.webhelp.common.dir"><string>plugins\com.oxygenxml.webhelp.common</string></property><property name="transtypes"><string>pdf;pdf2;pdf-pi;pdf-spc;docx;metrics-report;metrics-report-xml;webhelp-responsive;exportmap;merged;pdf-css;pdf-css-html5;pdf-css-html5-single-topic;webhelpCommons;html5;webhelp-responsive-preprocess2;tocjs;xhtml;eclipsehelp;htmlhelp;javahelp;dita;troff;indesign;epub;html2;json;kindle;word2dita;markdown;markdown_github;markdown_gitbook</string></property><property name="plugin.org.dita4publishers.common.html.dir"><string>plugins\org.dita4publishers.common.html</string></property><property name="parser.md"><string>com.elovirta.dita.markdown.MarkdownReader</string></property><property name="plugin.org.dita.specialization.dita11.dir"><string>plugins\org.dita.specialization.dita11</string></property><property name="crawl"><string>topic</string></property><property name="plugin.com.oxygenxml.pdf.custom.dir"><string>plugins\com.oxygenxml.pdf.custom</string></property><property name="plugin.com.oxygenxml.image.float.dir"><string>plugins\com.oxygenxml.image.float</string></property><property name="parser.hdita"><string>com.elovirta.dita.html.HDitaReader</string></property><property name="cli.color"><string>true</string></property><property name="user.input.file"><string>scp_playbook.ditamap</string></property><property name="plugin.org.dita-community.common.mapdriven.dir"><string>plugins\org.dita-community.common.mapdriven</string></property><property name="plugin.org.dita.pdf2.dir"><string>plugins\org.dita.pdf2</string></property><property name="print_transtypes"><string>pdf-css-html5;pdf;pdf2;pdf-spc;pdf-css;pdf-pi;pdf-css-html5-single-topic;docx</string></property><property name="onlytopicinmap"><string>false</string></property><property name="supported_resource_extensions"><string>.pdf;.swf</string></property><property name="plugin.org.dita.xhtml.dir"><string>plugins\org.dita.xhtml</string></property><property name="plugin.org.dita-community.dita13.html.dir"><string>plugins\org.dita-community.dita13.html</string></property><property name="plugin.org.dita.index.dir"><string>plugins\org.dita.index</string></property><property name="plugin.com.oxygenxml.common.dir"><string>plugins\com.oxygenxml.common</string></property><property name="plugin.org.dita.javahelp.dir"><string>plugins\org.dita.javahelp</string></property><property name="plugin.com.oxygenxml.pdf.review.dir"><string>plugins\com.oxygenxml.pdf.review</string></property><property name="plugin.com.elovirta.ooxml.dir"><string>plugins\com.elovirta.ooxml</string></property><property name="relflagimagelist"><string></string></property><property name="plugin.org.dita-community.preprocess-extensions.dir"><string>plugins\org.dita-community.preprocess-extensions</string></property><property name="supported_html_extensions"><string>.html;.htm</string></property><property name="plugin.order"><string>org.dita.base org.oasis-open.dita.v1_3 org.oasis-open.dita.v1_2</string></property><property name="otrelease"><string>3.6</string></property><property name="supported_image_extensions"><string>.gif;.svg;.bmp;.jpg;.tif;.mml;.mathml;.eps;.jpeg;.png;.tiff</string></property><property name="plugin.com.oxygenxml.pdf.css.dir"><string>plugins\com.oxygenxml.pdf.css</string></property><property name="InputMapDir"><string>C:\Users\roweo\Repos\playbook\scp_playbook.ditamap</string></property><property name="plugin.com.oxygenxml.dita.metrics.report.dir"><string>plugins\com.oxygenxml.dita.metrics.report</string></property><property name="plugin.org.dita.troff.dir"><string>plugins\org.dita.troff</string></property><property name="plugin.com.sophos.tocjs.dir"><string>plugins\com.sophos.tocjs</string></property><property name="org.dita.pdf2.i18n.enabled"><string>true</string></property><property name="user.input.dir.uri"><string>file:/C:/Users/roweo/Repos/playbook/</string></property><property name="plugin.org.dita.html5.dir"><string>plugins\org.dita.html5</string></property><property name="generatecopyouter"><string>NOT_GENERATEOUTTER</string></property><property name="plugin.com.baxter.pdf.pi.dir"><string>plugins\com.baxter.pdf.pi</string></property><property name="default.cascade"><string>merge</string></property><property name="plugin.org.dita.eclipsehelp.dir"><string>plugins\org.dita.eclipsehelp</string></property><property name="plugin.org.dita-community.adjust-copy-to.dir"><string>plugins\org.dita-community.adjust-copy-to</string></property><property name="plugin.org.oasis-open.xdita.v0_2_2.dir"><string>plugins\org.oasis-open.xdita.v0_2_2</string></property><property name="outputdir"><string>C:\Users\roweo\Repos\playbook\out\pdf-css-html5</string></property><property name="plugin.org.dita.htmlhelp.dir"><string>plugins\org.dita.htmlhelp</string></property><property name="temp-file-name-scheme"><string>org.dita.dost.module.reader.DefaultTempFileScheme</string></property><property name="plugin.org.dita.base.dir"><string>plugins\org.dita.base</string></property><property name="plugin.org.dita4publishers.html2.dir"><string>plugins\org.dita4publishers.html2</string></property><property name="plugin.com.oxygenxml.editlink.dir"><string>plugins\com.oxygenxml.editlink</string></property><property name="plugindirs"><string>plugins;demo</string></property><property name="parser.mdita"><string>com.elovirta.dita.markdown.MDitaReader</string></property><property name="user.input.file.listfile"><string>usr.input.file.list</string></property><property name="plugin.org.dita4publishers.json.dir"><string>plugins\org.dita4publishers.json</string></property><property name="outercontrol"><string>WARN</string></property><property name="plugin.org.dita4publishers.common.mapdriven.dir"><string>plugins\org.dita4publishers.common.mapdriven</string></property><property name="plugin.ignores"><string></string></property><property name="relflagimagefile"><string>relflagimage.list</string></property><property name="plugin.org.dita-community.common.xslt.dir"><string>plugins\org.dita-community.common.xslt</string></property><property name="user.input.file.uri"><string>scp_playbook.ditamap</string></property><property name="plugin.com.oxygenxml.highlight.dir"><string>plugins\com.oxygenxml.highlight</string></property><property name="plugin.org.dita4publishers.dita2indesign.dir"><string>plugins\org.dita4publishers.dita2indesign</string></property><property name="plugin.org.dita4publishers.epub.dir"><string>plugins\org.dita4publishers.epub</string></property><property name="plugin.org.dita-community.dita13.pdf.dir"><string>plugins\org.dita-community.dita13.pdf</string></property><property name="plugin.com.oxygenxml.dost.patches.dir"><string>plugins\com.oxygenxml.dost.patches</string></property><property name="plugin.com.oxygenxml.dita-ot.plugin.mathml.dir"><string>plugins\mathml</string></property><property name="registry"><string>https://plugins.dita-ot.org/</string></property><property name="plugin.org.dita.pdf2.axf.dir"><string>plugins\org.dita.pdf2.axf</string></property><property name="plugin.org.dita.normalize.dir"><string>plugins\org.dita.normalize</string></property><property name="plugin.org.oasis-open.dita.techcomm.v2_0.dir"><string>plugins\org.oasis-open.dita.techcomm.v2_0</string></property><property name="plugin.org.oasis-open.dita.v1_2.dir"><string>plugins\org.oasis-open.dita.v1_2</string></property><property name="InputMapDir.uri"><string>file:/C:/Users/roweo/Repos/playbook/scp_playbook.ditamap</string></property><property name="plugin.com.oxygenxml.export.map.dir"><string>plugins\com.oxygenxml.export.map</string></property><property name="plugin.com.oxygenxml.html.embed.dir"><string>plugins\com.oxygenxml.html.embed</string></property><property name="plugin.org.dita4publishers.word2dita.dir"><string>plugins\org.dita4publishers.word2dita</string></property><property name="plugin.org.dita4publishers.common.xslt.dir"><string>plugins\org.dita4publishers.common.xslt</string></property><property name="plugin.org.dita.pdf2.fop.dir"><string>plugins\org.dita.pdf2.fop</string></property><property name="plugin.org.lwdita.dir"><string>plugins\org.lwdita</string></property><property name="plugin.com.oxygenxml.media.dir"><string>plugins\com.oxygenxml.media</string></property><property name="plugin.org.dita.pdf2.xep.dir"><string>plugins\org.dita.pdf2.xep</string></property><property name="tempdirToinputmapdir.relative.value"><string></string></property><property name="plugin.org.dita4publishers.kindle.dir"><string>plugins\org.dita4publishers.kindle</string></property><property name="plugin.com.oxygenxml.webhelp.responsive.dir"><string>plugins\com.oxygenxml.webhelp.responsive</string></property><property name="plugin.org.oasis-open.dita.v2_0.dir"><string>plugins\org.oasis-open.dita.v2_0</string></property><property name="otversion"><string>3.6.0</string></property><property name="plugin.org.oasis-open.dita.v1_3.dir"><string>plugins\org.oasis-open.dita.v1_3</string></property><property name="plugin.org.dita.html5.dublin-core.dir"><string>plugins\org.dita.html5.dublin-core</string></property><property name="plugin.com.oxygenxml.merged.dir"><string>plugins\com.oxygenxml.merged</string></property><property name="parser.markdown"><string>com.elovirta.dita.markdown.MarkdownReader</string></property><property name="uplevels"><string></string></property><files><file src="file:/C:/Users/roweo/Repos/playbook/topics/dita_steps.dita" uri="topics/dita_steps.dita" path="topics\dita_steps.dita" result="file:/C:/Users/roweo/Repos/playbook/topics/dita_steps.dita" format="dita" target="true"></file><file src="file:/C:/Users/roweo/Repos/playbook/topics/test.html" uri="topics/test.html" path="topics\test.html" result="file:/C:/Users/roweo/Repos/playbook/topics/test.html" format="html"></file><file src="file:/C:/Users/roweo/Repos/playbook/topics/regex.dita" uri="topics/regex.dita" path="topics\regex.dita" result="file:/C:/Users/roweo/Repos/playbook/topics/regex.dita" format="dita" has-link="true" target="true"></file><file src="file:/C:/Users/roweo/Repos/playbook/topics/conversion.dita" uri="topics/conversion.dita" path="topics\conversion.dita" result="file:/C:/Users/roweo/Repos/playbook/topics/conversion.dita" format="dita" target="true"></file><file src="file:/C:/Users/roweo/Repos/playbook/topics/dita_filtering-transform.dita" uri="topics/dita_filtering-transform.dita" path="topics\dita_filtering-transform.dita" result="file:/C:/Users/roweo/Repos/playbook/topics/dita_filtering-transform.dita" format="dita" target="true"></file><file src="file:/C:/Users/roweo/Repos/playbook/images/xref-2.png" uri="images/xref-2.png" path="images\xref-2.png" result="file:/C:/Users/roweo/Repos/playbook/images/xref-2.png" format="image"></file><file src="file:/C:/Users/roweo/Repos/playbook/topics/test.md" uri="topics/test.md" path="topics\test.md" result="file:/C:/Users/roweo/Repos/playbook/topics/test.md" format="dita" target="true"></file><file src="file:/C:/Users/roweo/Repos/playbook/topics/dita_conversion-from-docx.dita" uri="topics/dita_conversion-from-docx.dita" path="topics\dita_conversion-from-docx.dita" result="file:/C:/Users/roweo/Repos/playbook/topics/dita_conversion-from-docx.dita" format="dita" has-link="true" target="true"></file><file src="file:/C:/Users/roweo/Repos/playbook/images/DITA.jpg" uri="images/DITA.jpg" path="images\DITA.jpg" result="file:/C:/Users/roweo/Repos/playbook/images/DITA.jpg" format="image"></file><file src="file:/C:/Users/roweo/Repos/playbook/topics/dita_conditional-filtering.dita" uri="topics/dita_conditional-filtering.dita" path="topics\dita_conditional-filtering.dita" result="file:/C:/Users/roweo/Repos/playbook/topics/dita_conditional-filtering.dita" format="dita" target="true"></file><file src="file:/C:/Users/roweo/Repos/playbook/topics/git_submodules.dita" uri="topics/git_submodules.dita" path="topics\git_submodules.dita" result="file:/C:/Users/roweo/Repos/playbook/topics/git_submodules.dita" format="dita" target="true"></file><file src="file:/C:/Users/roweo/Repos/playbook/topics/prerequisities_editors.dita" uri="topics/prerequisities_editors.dita" path="topics\prerequisities_editors.dita" result="file:/C:/Users/roweo/Repos/playbook/topics/prerequisities_editors.dita" format="dita" target="true"></file><file src="file:/C:/Users/roweo/Repos/playbook/topics/t_shortdesc.dita" uri="topics/t_shortdesc.dita" path="topics\t_shortdesc.dita" result="file:/C:/Users/roweo/Repos/playbook/topics/t_shortdesc.dita" format="dita" target="true"></file><file src="file:/C:/Users/roweo/Repos/playbook/topics/clone-repository.dita" uri="topics/clone-repository.dita" path="topics\clone-repository.dita" result="file:/C:/Users/roweo/Repos/playbook/topics/clone-repository.dita" format="dita" has-link="true" target="true"></file><file src="file:/C:/Users/roweo/Repos/playbook/topics/lists.dita" uri="topics/lists.dita" path="topics\lists.dita" result="file:/C:/Users/roweo/Repos/playbook/topics/lists.dita" format="dita" target="true"></file><file src="file:/C:/Users/roweo/Repos/playbook/topics/intro_what-is-dita.dita" uri="topics/intro_what-is-dita.dita" path="topics\intro_what-is-dita.dita" result="file:/C:/Users/roweo/Repos/playbook/topics/intro_what-is-dita.dita" format="dita" target="true"></file><file src="file:/C:/Users/roweo/Repos/playbook/topics/git.dita" uri="topics/git.dita" path="topics\git.dita" result="file:/C:/Users/roweo/Repos/playbook/topics/git.dita" format="dita" target="true"></file><file src="file:/C:/Users/roweo/Repos/playbook/topics/dita_cross-reference.dita" uri="topics/dita_cross-reference.dita" path="topics\dita_cross-reference.dita" result="file:/C:/Users/roweo/Repos/playbook/topics/dita_cross-reference.dita" format="dita" has-link="true" target="true"></file><file src="file:/C:/Users/roweo/Repos/playbook/topics/elements.ditamap" uri="topics/elements.ditamap" path="topics\elements.ditamap" result="file:/C:/Users/roweo/Repos/playbook/topics/elements.ditamap" format="ditamap"></file><file src="file:/C:/Users/roweo/Repos/playbook/topics/markdown.md" uri="topics/markdown.md" path="topics\markdown.md" result="file:/C:/Users/roweo/Repos/playbook/topics/markdown.md" format="dita" has-link="true" target="true"></file><file src="file:/C:/Users/roweo/Repos/playbook/topics/intro_markdown-syntax-reference.md" uri="topics/intro_markdown-syntax-reference.md" path="topics\intro_markdown-syntax-reference.md" result="file:/C:/Users/roweo/Repos/playbook/topics/intro_markdown-syntax-reference.md" format="dita" has-link="true" target="true"></file><file src="file:/C:/Users/roweo/Repos/playbook/topics/test.dita" uri="topics/test.dita" path="topics\test.dita" result="file:/C:/Users/roweo/Repos/playbook/topics/test.dita" format="dita" target="true"></file><file src="file:/C:/Users/roweo/Repos/playbook/topics/dita_comments.dita" uri="topics/dita_comments.dita" path="topics\dita_comments.dita" result="file:/C:/Users/roweo/Repos/playbook/topics/dita_comments.dita" format="dita" target="true"></file><file src="file:/C:/Users/roweo/Repos/playbook/topics/dita_create-ditaval.dita" uri="topics/dita_create-ditaval.dita" path="topics\dita_create-ditaval.dita" result="file:/C:/Users/roweo/Repos/playbook/topics/dita_create-ditaval.dita" format="dita" target="true"></file><file src="file:/C:/Users/roweo/Repos/playbook/topics/notes.dita" uri="topics/notes.dita" path="topics\notes.dita" result="file:/C:/Users/roweo/Repos/playbook/topics/notes.dita" format="dita" target="true"></file><file src="file:/C:/Users/roweo/Repos/playbook/images/xref-1.PNG" uri="images/xref-1.PNG" path="images\xref-1.PNG" result="file:/C:/Users/roweo/Repos/playbook/images/xref-1.PNG" format="image"></file><file src="file:/C:/Users/roweo/Repos/playbook/topics/markdown_authoring.dita" uri="topics/markdown_authoring.dita" path="topics\markdown_authoring.dita" result="file:/C:/Users/roweo/Repos/playbook/topics/markdown_authoring.dita" format="dita" target="true"></file><file src="file:/C:/Users/roweo/Repos/playbook/topics/dita_sections.dita" uri="topics/dita_sections.dita" path="topics\dita_sections.dita" result="file:/C:/Users/roweo/Repos/playbook/topics/dita_sections.dita" format="dita" target="true"></file><file src="file:/C:/Users/roweo/Repos/playbook/topics/intro_dita-purpose.dita" uri="topics/intro_dita-purpose.dita" path="topics\intro_dita-purpose.dita" result="file:/C:/Users/roweo/Repos/playbook/topics/intro_dita-purpose.dita" format="dita" has-link="true" target="true"></file><file src="file:/C:/Users/roweo/Repos/playbook/topics/git_stash.dita" uri="topics/git_stash.dita" path="topics\git_stash.dita" result="file:/C:/Users/roweo/Repos/playbook/topics/git_stash.dita" format="dita" target="true"></file><file src="file:/C:/Users/roweo/Repos/playbook/images/table_options_1.PNG" uri="images/table_options_1.PNG" path="images\table_options_1.PNG" result="file:/C:/Users/roweo/Repos/playbook/images/table_options_1.PNG" format="image"></file><file src="file:/C:/Users/roweo/Repos/playbook/topics/regex_general-expressions.dita" uri="topics/regex_general-expressions.dita" path="topics\regex_general-expressions.dita" result="file:/C:/Users/roweo/Repos/playbook/topics/regex_general-expressions.dita" format="dita" target="true"></file><file src="file:/C:/Users/roweo/Repos/playbook/topics/div.dita" uri="topics/div.dita" path="topics\div.dita" result="file:/C:/Users/roweo/Repos/playbook/topics/div.dita" format="dita" target="true"></file><file src="file:/C:/Users/roweo/Repos/playbook/topics/prerequisites_xml-editors.dita" uri="topics/prerequisites_xml-editors.dita" path="topics\prerequisites_xml-editors.dita" result="file:/C:/Users/roweo/Repos/playbook/topics/prerequisites_xml-editors.dita" format="dita" target="true"></file><file src="file:/C:/Users/roweo/Repos/playbook/topics/dita_task.dita" uri="topics/dita_task.dita" path="topics\dita_task.dita" result="file:/C:/Users/roweo/Repos/playbook/topics/dita_task.dita" format="dita" target="true"></file><file src="file:/C:/Users/roweo/Repos/playbook/images/xref-4.PNG" uri="images/xref-4.PNG" path="images\xref-4.PNG" result="file:/C:/Users/roweo/Repos/playbook/images/xref-4.PNG" format="image"></file><file src="file:/C:/Users/roweo/Repos/playbook/images/table_window.PNG" uri="images/table_window.PNG" path="images\table_window.PNG" result="file:/C:/Users/roweo/Repos/playbook/images/table_window.PNG" format="image"></file><file src="file:/C:/Users/roweo/Repos/playbook/topics/dita.dita" uri="topics/dita.dita" path="topics\dita.dita" result="file:/C:/Users/roweo/Repos/playbook/topics/dita.dita" format="dita" target="true"></file><file src="file:/C:/Users/roweo/Repos/playbook/scp_playbook.ditamap" uri="scp_playbook.ditamap" path="scp_playbook.ditamap" result="file:/C:/Users/roweo/Repos/playbook/scp_playbook.ditamap" format="ditamap" input="true"></file><file src="file:/C:/Users/roweo/Repos/playbook/topics/git_branching.dita" uri="topics/git_branching.dita" path="topics\git_branching.dita" result="file:/C:/Users/roweo/Repos/playbook/topics/git_branching.dita" format="dita" target="true"></file><file src="file:/C:/Users/roweo/Repos/playbook/images/test.svg" uri="images/test.svg" path="images\test.svg" result="file:/C:/Users/roweo/Repos/playbook/images/test.svg" format="image"></file><file src="file:/C:/Users/roweo/Repos/playbook/topics/intro_markup-langs.dita" uri="topics/intro_markup-langs.dita" path="topics\intro_markup-langs.dita" result="file:/C:/Users/roweo/Repos/playbook/topics/intro_markup-langs.dita" format="dita" target="true"></file><file src="file:/C:/Users/roweo/Repos/playbook/topics/prerequisites.dita" uri="topics/prerequisites.dita" path="topics\prerequisites.dita" result="file:/C:/Users/roweo/Repos/playbook/topics/prerequisites.dita" format="dita" target="true"></file><file src="file:/C:/Users/roweo/Repos/playbook/topics/git_new-repo.dita" uri="topics/git_new-repo.dita" path="topics\git_new-repo.dita" result="file:/C:/Users/roweo/Repos/playbook/topics/git_new-repo.dita" format="dita" target="true"></file><file src="file:/C:/Users/roweo/Repos/playbook/topics/t_fig.dita" uri="topics/t_fig.dita" path="topics\t_fig.dita" result="file:/C:/Users/roweo/Repos/playbook/topics/t_fig.dita" format="dita" target="true"></file><file src="file:/C:/Users/roweo/Repos/playbook/images/xref-6.PNG" uri="images/xref-6.PNG" path="images\xref-6.PNG" result="file:/C:/Users/roweo/Repos/playbook/images/xref-6.PNG" format="image"></file><file src="file:/C:/Users/roweo/Repos/playbook/topics/dita_table.dita" uri="topics/dita_table.dita" path="topics\dita_table.dita" result="file:/C:/Users/roweo/Repos/playbook/topics/dita_table.dita" format="dita" has-link="true" target="true"></file><file src="file:/C:/Users/roweo/Repos/playbook/topics/t_footnote.dita" uri="topics/t_footnote.dita" path="topics\t_footnote.dita" result="file:/C:/Users/roweo/Repos/playbook/topics/t_footnote.dita" format="dita" target="true"></file><file src="file:/C:/Users/roweo/Repos/playbook/topics/intro.dita" uri="topics/intro.dita" path="topics\intro.dita" result="file:/C:/Users/roweo/Repos/playbook/topics/intro.dita" format="dita" target="true"></file><file src="file:/C:/Users/roweo/Repos/playbook/topics/regex_xml-expressions.dita" uri="topics/regex_xml-expressions.dita" path="topics\regex_xml-expressions.dita" result="file:/C:/Users/roweo/Repos/playbook/topics/regex_xml-expressions.dita" format="dita" target="true"></file><file src="file:/C:/Users/roweo/Repos/playbook/images/clone-repository-browse-button.png" uri="images/clone-repository-browse-button.png" path="images\clone-repository-browse-button.png" result="file:/C:/Users/roweo/Repos/playbook/images/clone-repository-browse-button.png" format="image"></file><file src="file:/C:/Users/roweo/Repos/playbook/topics/xml_authoring.dita" uri="topics/xml_authoring.dita" path="topics\xml_authoring.dita" result="file:/C:/Users/roweo/Repos/playbook/topics/xml_authoring.dita" format="dita" target="true"></file><file src="file:/C:/Users/roweo/Repos/playbook/topics/dita_section.dita" uri="topics/dita_section.dita" path="topics\dita_section.dita" result="file:/C:/Users/roweo/Repos/playbook/topics/dita_section.dita" format="dita" target="true"></file><file src="file:/C:/Users/roweo/Repos/playbook/images/xref-5.PNG" uri="images/xref-5.PNG" path="images\xref-5.PNG" result="file:/C:/Users/roweo/Repos/playbook/images/xref-5.PNG" format="image"></file><file src="file:/C:/Users/roweo/Repos/playbook/images/clone-repository-clone-button.png" uri="images/clone-repository-clone-button.png" path="images\clone-repository-clone-button.png" result="file:/C:/Users/roweo/Repos/playbook/images/clone-repository-clone-button.png" format="image"></file><file src="file:/C:/Users/roweo/Repos/playbook/images/xref-3.png" uri="images/xref-3.png" path="images\xref-3.png" result="file:/C:/Users/roweo/Repos/playbook/images/xref-3.png" format="image"></file></files></job>