<?xml version="1.0" encoding="UTF-8"?>
<project xmlns="https://www.dita-ot.org/project">
  <context name="SCP Playbook" id="ug_filtered">
    <input href="scp_playbook.ditamap"/>
    <profile>
      <ditaval href="scp_playbook.ditaval"/>
    </profile>
  </context>
  
  <deliverable name="SCP Playbook" id="pb_pdf">
    <context idref="ug_filtered"/>
    <output href="."/>
    <publication transtype="pdf2">
      
    </publication>
  </deliverable>
  
<!--  <deliverable name="SCP WebHelp Responsive" id="pb_rhtml">
    <context idref="ug_filtered"/>
    <output href="."/>
    <publication transtype="WebHelp Responsive">
    </publication>
  </deliverable>-->
  
  <deliverable name="SCP Playbook HTML" id="pb_html">
    <context idref="ug_filtered"/>
    <output href="."/>
    <publication transtype="html5-bootstrap">
      <param name="args.hdr" path="templates/css/bs-navbar-inverse.hdr.xml"/>  
     </publication>
  </deliverable>
</project>
